"Symbol","Name","Trade Volume","Trade Value","UIN Settlement Volume ","UIN Settlement Value ","UIN Percentage Volume","UIN Percentage Value "
"RUPL","RUPALI POLYESTER LIMITED","22,482.00"," 861,921.52 ","22,453.00"," 860,845.62 ","99.87 ","99.88 "
"SAIF","SAIF TEXTILE MILLS LIMITED","9,126.00"," 276,827.98 ","8,277.00"," 250,743.63 ","90.70 ","90.58 "
"SANSM","SANGHAR SUGAR MILLS LIMITED","8,928.00"," 552,964.93 ","8,916.00"," 552,221.06 ","99.87 ","99.87 "
"SAPT","SAPPHIRE TEXTILE MILLS LIMITED","84.00"," 117,529.11 ","84.00"," 117,529.11 ","100.00 ","100.00 "
"SARC","SARDAR CHEMICAL INDUSTRIES LIMITED","10,821.00"," 725,953.98 ","10,816.00"," 725,612.08 ","99.95 ","99.95 "
"SASML","SINDH ABADGARS SUGAR MILLS LIMITED","430.00"," 86,075.53 ","425.00"," 85,118.94 ","98.84 ","98.89 "
"SAZEW","SAZGAR ENGINEERING WORKS LIMITED","245,167.00"," 422,271,175.73 ","113,934.00"," 198,229,827.12 ","46.47 ","46.94 "
"SBL","SAMBA BANK LIMITED","80,236.00"," 801,567.03 ","80,190.00"," 801,115.58 ","99.94 ","99.94 "
"SCBPL","STANDARD CHARTERED BANK (PAKISTAN) LTD.","85,351.00"," 6,036,554.31 ","78,465.00"," 5,549,936.17 ","91.93 ","91.94 "
"SCL","SHIELD CORPORATION LIMITED","4,419.00"," 1,832,352.96 ","4,140.00"," 1,721,833.65 ","93.69 ","93.97 "
"SEARL","THE SEARLE COMPANY LIMITED","4,913,762.00"," 550,045,893.39 ","2,040,829.00"," 246,021,930.38 ","41.53 ","44.73 "
"SEL","SITARA ENERGY LIMITED","65,086.00"," 1,183,917.08 ","60,325.00"," 1,097,321.95 ","92.69 ","92.69 "
"SEPL","SECURITY PAPERS LIMITED","36,747.00"," 7,548,947.78 ","34,289.00"," 7,042,818.88 ","93.31 ","93.30 "
"SERT","SERVICE INDUSTRIES TEXTILES LIMITED","151,072.00"," 3,675,695.90 ","149,147.00"," 3,631,923.65 ","98.73 ","98.81 "
"SFL","SAPPHIRE FIBRES LIMITED","88.00"," 93,729.91 ","85.00"," 90,587.91 ","96.59 ","96.65 "
"SGF","SERVICE GLOBAL FOOTWEAR LIMITED","920,438.00"," 93,138,137.22 ","484,863.00"," 49,171,315.49 ","52.68 ","52.79 "
"SGPL","S.G. POWER LIMITED","1,221,463.00"," 13,165,751.14 ","755,752.00"," 8,138,817.66 ","61.87 ","61.82 "
"SHCM","SHADMAN COTTON MILLS LIMITED","5,552.00"," 273,098.16 ","4,126.00"," 203,540.52 ","74.32 ","74.53 "
"SHDT","SHADAB TEXTILE MILLS LIMITED","18,594.00"," 1,086,844.27 ","18,488.00"," 1,080,592.39 ","99.43 ","99.42 "
"SHEZ","SHEZAN INTERNATIONAL LIMITED","10,342.00"," 2,188,773.70 ","8,896.00"," 1,882,343.74 ","86.02 ","86.00 "
"SHFA","SHIFA INTERNATIONAL HOSPITALS LTD.","40,663.00"," 21,652,279.09 ","37,865.00"," 20,161,311.13 ","93.12 ","93.11 "
"SHNI","SHAHEEN INSURANCE COMPANY LIMITED","109,306.00"," 1,034,048.94 ","107,704.00"," 1,018,820.56 ","98.53 ","98.53 "
"SHSML","SHAHMURAD SUGAR MILLS LIMITED","2,005.00"," 1,000,497.06 ","2,005.00"," 1,000,497.06 ","100.00 ","100.00 "
"SIBL","SECURITY INVESTMENT BANK LIMITED","84,113.00"," 949,024.58 ","69,818.00"," 788,598.39 ","83.01 ","83.10 "
"SIEM","SIEMENS PAKISTAN COMPANY ENGINEERING LTD","5.00"," 8,545.95 ","5.00"," 8,545.95 ","100.00 ","100.00 "
"SINDM","SINDH MODARABA","97,889.00"," 1,838,185.37 ","73,592.00"," 1,381,726.22 ","75.18 ","75.17 "
"SITC","SITARA CHEMICAL INDUSTRIES LIMITED","30,819.00"," 29,389,033.37 ","23,807.00"," 22,748,731.11 ","77.25 ","77.41 "
"SKRS","SAKRAND SUGAR MILLS LIMITED","505,253.00"," 10,930,528.76 ","372,760.00"," 8,102,383.70 ","73.78 ","74.13 "
"SLGL","SECURE LOGISTICS-TRAX GROUP LIMITED","50,660,286.00"," 1,094,137,488.21 ","34,017,591.00"," 725,729,601.18 ","67.15 ","66.33 "
"SLYT","SALLY TEXTILE MILLS LIMITED","12,659.00"," 197,336.12 ","11,893.00"," 185,863.96 ","93.95 ","94.19 "
"SMCPL","SAFE MIX CONCRETE LIMITED","156,964.00"," 5,934,815.92 ","148,362.00"," 5,609,296.46 ","94.52 ","94.52 "
"SML","SHAKARGANJ LIMITED","4,409.00"," 293,428.52 ","409.00"," 33,148.52 ","9.28 ","11.30 "
"SNAI","SANA INDUSTRIES LIMITED","4,336.00"," 117,515.96 ","4,336.00"," 117,515.96 ","100.00 ","100.00 "
"SNBL","SONERI BANK LIMITED","1,072,337.00"," 24,706,837.95 ","986,755.00"," 22,736,154.55 ","92.02 ","92.02 "
"SNGP","SUI NORTHERN GAS PIPELINES LIMITED","6,678,245.00"," 878,612,493.02 ","2,567,108.00"," 351,101,959.43 ","38.44 ","39.96 "
"SPEL","SPEL LIMITED","7,480,715.00"," 554,072,058.61 ","1,809,054.00"," 130,729,061.87 ","24.18 ","23.59 "
"SPL","SITARA PEROXIDE LIMITED","198,556.00"," 4,783,324.48 ","157,180.00"," 3,787,853.24 ","79.16 ","79.19 "
"SPWL","SAIF POWER LIMITED","254,220.00"," 2,689,787.20 ","248,697.00"," 2,631,313.54 ","97.83 ","97.83 "
"SRVI","SERVICE INDUSTRIES LIMITED","2,656.00"," 3,605,648.44 ","2,653.00"," 3,601,595.38 ","99.89 ","99.89 "
"SSGC","SUI SOUTHERN GAS COMPANY LIMITED","7,073,363.00"," 311,102,789.72 ","4,861,106.00"," 213,889,463.82 ","68.72 ","68.75 "
"SSML","SARITOW SPINNING MILLS LIMITED","97,549.00"," 1,511,620.62 ","96,568.00"," 1,496,277.78 ","98.99 ","98.99 "
"SSOM","S. S. OIL MILLS LIMITED","181,078.00"," 88,670,052.07 ","147,914.00"," 72,557,364.60 ","81.69 ","81.83 "
"STCL","SHABBIR TILES AND CERAMICS LIMITED","714,315.00"," 13,412,768.98 ","625,786.00"," 11,757,103.73 ","87.61 ","87.66 "
"STJT","SHAHTAJ TEXTILE LIMITED","563.00"," 44,426.22 ","413.00"," 32,676.72 ","73.36 ","73.55 "
"STL","SUPERNET TECHNOLOGIES LIMITED","2,889.00"," 3,388,478.23 ","2,701.00"," 3,172,689.23 ","93.49 ","93.63 "
"STML","SHAMS TEXTILE MILLS LIMITED","234.00"," 8,170.47 ","190.00"," 6,501.35 ","81.20 ","79.57 "
"STPL","SIDDIQSONS TIN PLATE LIMITED","16,781,176.00"," 149,233,129.45 ","8,230,201.00"," 73,266,941.73 ","49.04 ","49.10 "
"STYLERS","STYLERS INTERNATIONAL LIMITED","10,852.00"," 501,806.77 ","7,626.00"," 354,288.47 ","70.27 ","70.60 "
"SUHJ","SUHAIL JUTE MILLS LIMITED","4.00"," 456.99 ","3.00"," 350.98 ","75.00 ","76.80 "
"SURC","SURAJ COTTON MILLS LIMITED","73,900.00"," 10,266,909.85 ","64,499.00"," 8,976,561.71 ","87.28 ","87.43 "
"SUTM","SUNRAYS TEXTILE MILLS LIMITED","3,683.00"," 664,765.72 ","3,676.00"," 663,519.72 ","99.81 ","99.81 "
"SYM","SYMMETRY GROUP LIMITED","3,915,994.00"," 60,660,993.97 ","3,311,425.00"," 51,429,964.71 ","84.56 ","84.78 "
"SYS","SYSTEMS LIMITED","11,419,060.00"," 1,614,642,770.03 ","5,248,113.00"," 774,203,400.56 ","45.96 ","47.95 "
"SZTM","SHAHZAD TEXTILE MILLS LIMITED","626.00"," 36,466.50 ","555.00"," 32,419.50 ","88.66 ","88.90 "
"TATM","TATA TEXTILE MILLS LIMITED","50,452.00"," 8,720,958.08 ","35,191.00"," 6,075,049.02 ","69.75 ","69.66 "
"TBL","TREET BATTERY LIMITED","5,707,169.00"," 77,423,975.28 ","4,704,770.00"," 63,821,606.97 ","82.44 ","82.43 "
"TCORP","TARIQ CORPORATION LIMITED","377,524.00"," 7,379,179.53 ","295,666.00"," 5,817,373.61 ","78.32 ","78.83 "
"TCORPCPS","TARIQ CORPORATION LTD-CUM&CONV.PREF.SH.","5,167.00"," 46,233.56 ","4,014.00"," 35,430.47 ","77.69 ","76.63 "
"TELE","TELECARD LIMITED","19,895,025.00"," 182,327,575.52 ","11,420,693.00"," 105,963,882.35 ","57.40 ","58.12 "
"TGL","TARIQ GLASS INDUSTRIES LTD.","256,485.00"," 70,383,156.20 ","235,834.00"," 64,767,337.34 ","91.95 ","92.02 "
"THALL","THAL LIMITED","25,833.00"," 15,401,501.97 ","24,091.00"," 14,367,546.73 ","93.26 ","93.29 "
"THCCL","THATTA CEMENT COMPANY LIMITED","7,807,755.00"," 399,472,591.22 ","4,311,337.00"," 220,523,054.50 ","55.22 ","55.20 "
"TICL","THE THAL INDUSTRIES CORPORATION LIMITED","492.00"," 287,084.23 ","490.00"," 285,943.94 ","99.59 ","99.60 "
"TOMCL","THE ORGANIC MEAT COMPANY LIMITED","14,338,692.00"," 998,052,205.34 ","8,268,263.00"," 575,965,201.22 ","57.66 ","57.71 "
"TOWL","TOWELLERS LIMITED","27,288.00"," 4,926,423.65 ","25,357.00"," 4,576,753.11 ","92.92 ","92.90 "
"TPL","TPL CORP LIMITED","1,131,849.00"," 10,209,478.96 ","863,376.00"," 7,788,525.86 ","76.28 ","76.29 "
"TPLI","TPL INSURANCE LIMITED","2,381,275.00"," 44,053,999.34 ","1,581,394.00"," 28,875,672.35 ","66.41 ","65.55 "
"TPLL","TPL LIFE INSURANCE LIMITED","1,363.00"," 53,179.75 ","63.00"," 4,191.75 ","4.62 ","7.88 "
"TPLP","TPL PROPERTIES LIMITED","15,152,922.00"," 174,314,654.17 ","7,636,975.00"," 88,618,085.28 ","50.40 ","50.84 "
"TPLRF1","TPL REIT FUND I","375,796.00"," 5,793,807.72 ","272,676.00"," 4,157,263.22 ","72.56 ","71.75 "
"TPLT","TPL TRAKKER LIMITED","586,183.00"," 4,743,364.03 ","383,921.00"," 3,106,232.60 ","65.50 ","65.49 "
"TREET","TREET CORPORATION LIMITED","6,592,135.00"," 170,203,309.94 ","4,233,488.00"," 112,355,766.72 ","64.22 ","66.01 "
"TRG","TRG PAKISTAN LIMITED  -  CLASS - (A)","26,938,275.00"," 2,211,302,535.77 ","9,934,368.00"," 819,408,939.33 ","36.88 ","37.06 "
"TRIPF","TRI-PACK FILMS LIMITED","106,481.00"," 13,934,592.15 ","76,840.00"," 10,094,797.69 ","72.16 ","72.44 "
"TRSM","TRUST MODARABA","265,091.00"," 12,142,212.19 ","206,551.00"," 9,475,856.03 ","77.92 ","78.04 "
"TSBL","TRUST SECURITIES AND BROKERAGE LTD.","1,001.00"," 12,882.84 ","1,001.00"," 12,882.84 ","100.00 ","100.00 "
"TSMF","TRI-STAR MUTUAL FUND LIMITED","10,448.00"," 138,422.39 ","9,448.00"," 124,941.52 ","90.43 ","90.26 "
"TSML","TANDLIANWALA SUGAR MILLS LIMITED","2,979.00"," 659,846.68 ","2,533.00"," 563,703.68 ","85.03 ","85.43 "
"TSPL","TRI - STAR POWER LIMITED","486,574.00"," 5,987,550.33 ","304,739.00"," 3,785,012.63 ","62.63 ","63.21 "
"UBDL","UNITED BRANDS LIMITED","9,233.00"," 225,922.54 ","8,077.00"," 197,436.32 ","87.48 ","87.39 "
"UBL","UNITED BANK LIMITED","1,326,278.00"," 465,305,882.35 ","1,022,504.00"," 365,446,656.49 ","77.10 ","78.54 "
"UBLPETF","UBL PAK. ENTERPRISE EXCHANGE TRADED FUND","53,500.00"," 1,922,225.00 ","41,500.00"," 1,492,810.00 ","77.57 ","77.66 "
"UCAPM","UNICAP MODARABA","250,866.00"," 1,277,191.13 ","197,366.00"," 1,008,230.84 ","78.67 ","78.94 "
"UDLI","UDL INTERNATIONAL LIMITED","68,122.00"," 697,760.13 ","68,122.00"," 697,760.13 ","100.00 ","100.00 "
"UDPL","UNITED DISTRIBUTERS PAKISTAN LIMITED","32,044.00"," 2,859,991.78 ","27,710.00"," 2,476,583.50 ","86.47 ","86.59 "
"UNIC","THE UNITED INSURANCE CO. OF PAKISTAN LTD","81,087.00"," 1,300,813.73 ","56,246.00"," 907,384.54 ","69.37 ","69.76 "
"UNITY","UNITY FOODS LIMITED","5,969,025.00"," 166,654,075.21 ","3,349,418.00"," 97,131,648.30 ","56.11 ","58.28 "
"UPFL","UNILEVER PAKISTAN FOODS LIMITED","40.00"," 1,317,715.80 ","35.00"," 1,153,927.80 ","87.50 ","87.57 "
"UVIC","THE UNIVERSAL INSURANCE COMPANY LIMITED","501,182.00"," 16,596,970.79 ","447,776.00"," 14,899,720.10 ","89.34 ","89.77 "
"WAFI","WAFI ENERGY PAKISTAN LIMITED","98,566.00"," 18,460,690.37 ","83,398.00"," 15,622,133.62 ","84.61 ","84.62 "
"WAHN","WAH NOBLE CHEMICALS LIMITED","9,919.00"," 4,126,921.35 ","9,044.00"," 3,760,166.59 ","91.18 ","91.11 "
"WASL","WASL MOBILITY MODARABA","21,837,544.00"," 140,370,396.31 ","12,430,261.00"," 80,795,925.94 ","56.92 ","57.56 "
"WAVES","WAVES CORPORATION LIMITED","3,580,309.00"," 44,463,177.31 ","2,934,110.00"," 36,448,600.79 ","81.95 ","81.97 "
"WAVESAPP","WAVES HOME APPLIANCE LIMITED","3,411,459.00"," 34,885,376.74 ","2,707,901.00"," 27,818,746.94 ","79.38 ","79.74 "
"WTL","WORLDCALL TELECOM LIMITED","84,843,019.00"," 138,905,983.16 ","60,338,091.00"," 98,656,995.74 ","71.12 ","71.02 "
"YOUW","YOUSAF WEAVING MILLS LIMITED","3,387,144.00"," 21,194,145.82 ","2,689,767.00"," 16,828,903.35 ","79.41 ","79.40 "
"ZAHID","ZAHIDJEE TEXTILE MILLS LIMITED","27,125.00"," 1,644,064.36 ","20,233.00"," 1,224,452.64 ","74.59 ","74.48 "
"ZAL","ZAREA LIMITED","1,825,371.00"," 60,019,400.42 ","1,640,594.00"," 53,946,499.17 ","89.88 ","89.88 "
"ZIL","ZIL LIMITED","91.00"," 34,128.02 ","91.00"," 34,128.02 ","100.00 ","100.00 "
"ZTL","ZEPHYR TEXTILES LIMITED","2,633.00"," 45,870.75 ","2,633.00"," 45,870.75 ","100.00 ","100.00 "
"786","786 INVESTMENT LIMITED","574,642.00"," 8,936,826.86 ","488,285.00"," 7,612,970.14 ","84.97 ","85.19 "
"AABS","AL-ABBAS SUGAR MILLS LIMITED","130.00"," 136,034.49 ","116.00"," 121,368.10 ","89.23 ","89.22 "
"AATM","ALI ASGHAR TEXTILE MILLS LIMITED","8,408.00"," 436,151.48 ","7,607.00"," 394,569.68 ","90.47 ","90.47 "
"ABL","ALLIED BANK LIMITED","96,490.00"," 16,435,562.43 ","90,785.00"," 15,461,953.60 ","94.09 ","94.08 "
"ABOT","ABBOTT LABORATORIES (PAKISTAN) LIMITED","53,857.00"," 63,939,405.56 ","51,616.00"," 61,306,122.89 ","95.84 ","95.88 "
"ACIETF","ALFALAH CONSUMER INDEX EXC. TRADED FUND","30,503.00"," 591,454.90 ","24,503.00"," 476,109.90 ","80.33 ","80.50 "
"ACPL","ATTOCK CEMENT PAKISTAN LIMITED","153,329.00"," 42,712,427.86 ","137,763.00"," 38,398,435.35 ","89.85 ","89.90 "
"ADAMS","ADAM SUGAR MILLS LIMITED","2,741.00"," 199,301.84 ","2,622.00"," 190,232.46 ","95.66 ","95.45 "
"ADMM","ARTISTIC DENIM MILLS LIMITED","514,016.00"," 32,631,118.65 ","223,407.00"," 14,305,036.73 ","43.46 ","43.84 "
"AGHA","AGHA STEEL INDUSTRIES LIMITED","8,989,553.00"," 92,405,805.70 ","5,829,100.00"," 59,942,264.21 ","64.84 ","64.87 "
"AGIC","ASKARI GENERAL INSURANCE COMPANY LTD","26,824.00"," 1,227,101.36 ","26,321.00"," 1,203,968.39 ","98.12 ","98.11 "
"AGIL","AGRIAUTO INDUSTRIES LIMITED","14,843.00"," 2,160,970.30 ","11,418.00"," 1,667,526.40 ","76.93 ","77.17 "
"AGL","AGRITECH LIMITED","699,342.00"," 50,522,390.99 ","483,298.00"," 34,998,025.10 ","69.11 ","69.27 "
"AGP","AGP LIMITED","351,657.00"," 68,632,765.24 ","273,604.00"," 53,505,652.81 ","77.80 ","77.96 "
"AGSML","ABDULLAH SHAH GHAZI SUGAR MILLS LIMITED","1,158,982.00"," 11,422,494.92 ","1,027,103.00"," 10,131,749.42 ","88.62 ","88.70 "
"AGTL","AL-GHAZI TRACTORS LIMITED","4,564.00"," 1,824,754.98 ","4,534.00"," 1,812,754.98 ","99.34 ","99.34 "
"AHCL","ARIF HABIB CORPORATION LIMITED","30,498,004.00"," 455,231,707.39 ","20,308,500.00"," 303,272,945.18 ","66.59 ","66.62 "
"AHL","ARIF HABIB LIMITED","230,372.00"," 26,136,365.98 ","170,945.00"," 19,439,060.64 ","74.20 ","74.38 "
"AHTM","AHMAD HASSAN TEXTILE MILLS LIMITED","305.00"," 23,895.13 ","175.00"," 14,030.03 ","57.38 ","58.72 "
"AICL","ADAMJEE INSURANCE COMPANY LIMITED","332,124.00"," 22,049,461.03 ","192,684.00"," 13,357,789.05 ","58.02 ","60.58 "
"AIRLINK","AIRLINK COMMUNICATION LIMITED","6,588,671.00"," 1,042,964,943.40 ","2,410,832.00"," 399,268,908.86 ","36.59 ","38.28 "
"AKBL","ASKARI BANK LIMITED","1,138,296.00"," 84,896,400.75 ","672,843.00"," 52,705,415.66 ","59.11 ","62.08 "
"AKDHL","AKD HOSPITALITY LIMITED","476.00"," 82,632.73 ","412.00"," 71,656.05 ","86.55 ","86.72 "
"AKDSL","AKD SECURITIES LIMITED","1,496,349.00"," 48,497,934.63 ","1,395,992.00"," 45,226,436.63 ","93.29 ","93.25 "
"ALAC","ASKARI LIFE ASSURANCE COMPANY LTD.","1,764,998.00"," 29,684,624.19 ","1,693,214.00"," 28,480,313.42 ","95.93 ","95.94 "
"ALIFE","ADAMJEE LIFE ASSURANCE COMPANY LIMITED","13,215.00"," 475,305.20 ","13,215.00"," 475,305.20 ","100.00 ","100.00 "
"ALNRS","AL-NOOR SUGAR MILLS LIMITED","2,348.00"," 238,547.61 ","2,326.00"," 236,424.61 ","99.06 ","99.11 "
"ALTN","ALTERN ENERGY LTD.","9,824,781.00"," 139,231,294.79 ","7,250,453.00"," 102,779,635.81 ","73.80 ","73.82 "
"AMBL","APNA MICROFINANCE BANK LIMITED","1,241.00"," 14,464.57 ","1,071.00"," 12,465.67 ","86.30 ","86.18 "
"AMTEX","AMTEX LIMITED","3,687,622.00"," 16,825,559.44 ","2,696,180.00"," 12,314,248.53 ","73.11 ","73.19 "
"ANL","AZGARD NINE LIMITED","6,732,516.00"," 87,446,449.17 ","4,198,764.00"," 54,718,916.61 ","62.37 ","62.57 "
"ANSM","ANSARI SUGAR MILLS LIMITED","17,227.00"," 305,894.49 ","15,120.00"," 268,274.69 ","87.77 ","87.70 "
"ANTM","AN TEXTILE MILLS LIMITED","12,939.00"," 368,562.39 ","10,180.00"," 290,078.89 ","78.68 ","78.71 "
"APL","ATTOCK PETROLEUM LIMITED","50,299.00"," 26,188,159.66 ","49,971.00"," 26,016,575.09 ","99.35 ","99.34 "
"BWHL","BALUCHISTAN WHEELS LIMITED","113,143.00"," 21,938,331.12 ","92,930.00"," 18,031,646.58 ","82.13 ","82.19 "
"CASH","CALCORP LIMITED","14,981.00"," 701,954.55 ","8,019.00"," 368,487.33 ","53.53 ","52.49 "
"CCM","CRESCENT COTTON MILLS LIMITED","17,047.00"," 1,087,955.17 ","15,964.00"," 1,018,562.51 ","93.65 ","93.62 "
"CENI","CENTURY INSURANCE COMPANY LIMITED","25,131.00"," 1,206,312.48 ","24,516.00"," 1,176,603.26 ","97.55 ","97.54 "
"CEPB","CENTURY PAPER AND BOARD MILLS LIMITED","367,161.00"," 10,558,377.95 ","293,433.00"," 8,432,305.16 ","79.92 ","79.86 "
"CFL","CRESCENT FIBRES LIMITED","129.00"," 10,178.31 ","129.00"," 10,178.31 ","100.00 ","100.00 "
"CHAS","CHASHMA SUGAR MILLS LIMITED","2,939.00"," 194,065.62 ","2,933.00"," 193,660.92 ","99.80 ","99.79 "
"CHBL","CHENAB LIMITED","45,915.00"," 1,088,041.73 ","45,865.00"," 1,086,859.23 ","99.89 ","99.89 "
"CHCC","CHERAT CEMENT COMPANY LIMITED","811,127.00"," 291,885,444.05 ","390,494.00"," 142,972,684.22 ","48.14 ","48.98 "
"CJPL","CRESCENT JUTE PRODUCTS LIMITED","34,564.00"," 387,935.84 ","27,508.00"," 307,795.42 ","79.59 ","79.34 "
"CLCPS","CHENAB LTD-NON VOTING CUM. PREF. SHARES","817,467.00"," 3,534,518.29 ","627,751.00"," 2,707,915.79 ","76.79 ","76.61 "
"CLOV","CLOVER PAKISTAN LIMITED","480,253.00"," 22,385,493.53 ","403,686.00"," 18,824,043.28 ","84.06 ","84.09 "
"CLVL","CORDOBA LOGISTICS & VENTURES LIMITED","3,211.00"," 61,055.05 ","1,901.00"," 35,866.65 ","59.20 ","58.74 "
"CNERGY","CNERGYICO PK LIMITED","197,722,693.00"," 1,629,286,331.82 ","71,933,511.00"," 630,323,549.66 ","36.38 ","38.69 "
"COLG","COLGATE PALMOLIVE (PAKISTAN) LIMITED","10,088.00"," 12,941,947.13 ","7,468.00"," 9,581,237.95 ","74.03 ","74.03 "
"CPHL","CITI PHARMA LIMITED","3,320,673.00"," 318,494,735.96 ","2,210,808.00"," 214,284,801.08 ","66.58 ","67.28 "
"CPPL","CHERAT PACKAGING LIMITED","141,224.00"," 16,155,949.18 ","108,995.00"," 12,443,133.67 ","77.18 ","77.02 "
"CRTM","THE CRESCENT TEXTILE MILLS LIMITED","5,360,779.00"," 132,682,162.94 ","3,801,565.00"," 94,215,214.53 ","70.91 ","71.01 "
"CSAP","CRESCENT STEEL AND ALLIED PRODUCTS LTD.","540,759.00"," 58,567,049.85 ","397,011.00"," 43,026,188.00 ","73.42 ","73.46 "
"CSIL","CRESCENT STAR INSURANCE LIMITED","58,729,779.00"," 412,676,708.45 ","29,556,456.00"," 214,091,102.95 ","50.33 ","51.88 "
"CTM","COLONY TEXTILE MILLS LIMITED","876,203.00"," 6,476,755.49 ","703,078.00"," 5,219,163.45 ","80.24 ","80.58 "
"CWSM","CHAKWAL SPINNING MILLS LIMITED","653,751.00"," 22,460,588.45 ","420,299.00"," 14,442,524.75 ","64.29 ","64.30 "
"CYAN","CYAN LIMITED","328,999.00"," 13,558,821.73 ","188,922.00"," 7,818,193.57 ","57.42 ","57.66 "
"DAAG","DATA AGRO LIMITED","1,494.00"," 158,473.37 ","1,494.00"," 158,473.37 ","100.00 ","100.00 "
"DADX","DADEX ETERNIT LIMITED","1,953.00"," 126,462.82 ","1,953.00"," 126,462.82 ","100.00 ","100.00 "
"DBCI","DADABHOY CEMENT INDUSTRIES LIMITED","523,511.00"," 4,058,326.73 ","450,746.00"," 3,491,334.09 ","86.10 ","86.03 "
"DCL","DEWAN CEMENT LIMITED","15,755,640.00"," 243,828,273.74 ","7,606,319.00"," 118,307,017.55 ","48.28 ","48.52 "
"DCR","DOLMEN CITY REIT","461,428.00"," 14,607,032.91 ","447,478.00"," 14,166,614.74 ","96.98 ","96.98 "
"DEL","DAWOOD EQUITIES LIMITED","144,754.00"," 2,293,949.02 ","110,802.00"," 1,753,335.53 ","76.55 ","76.43 "
"DFML","DEWAN FAROOQUE MOTORS LIMITED","1,436,471.00"," 50,907,452.20 ","1,050,316.00"," 37,217,783.60 ","73.12 ","73.11 "
"DFSM","DEWAN FAROOQUE SPINNING MILLS LIMITED","359,740.00"," 2,315,798.08 ","311,415.00"," 2,002,106.38 ","86.57 ","86.45 "
"DGKC","D.G. KHAN CEMENT COMPANY LIMITED","4,557,675.00"," 1,065,284,695.11 ","2,100,520.00"," 489,179,263.45 ","46.09 ","45.92 "
"DHPL","DH PARTNERS LIMITED","176,093.00"," 7,734,676.84 ","169,471.00"," 7,444,501.49 ","96.24 ","96.25 "
"DIIL","DIAMOND INDUSTRIES LIMITED","1,918.00"," 106,877.75 ","1,918.00"," 106,877.75 ","100.00 ","100.00 "
"DINT","DIN TEXTILE MILLS LIMITED","527.00"," 39,050.37 ","527.00"," 39,050.37 ","100.00 ","100.00 "
"DLL","DAWOOD LAWRENCEPUR LIMITED","2,520.00"," 782,248.56 ","1,758.00"," 547,651.60 ","69.76 ","70.01 "
"DMC","D.M. CORPORATION LIMITED","401.00"," 29,409.34 ","401.00"," 29,409.34 ","100.00 ","100.00 "
"DMTM","DEWAN MUSHTAQ TEXTILE MILLS LIMITED","8,293.00"," 118,470.41 ","5,817.00"," 82,454.79 ","70.14 ","69.60 "
"DNCC","DANDOT CEMENT COMPANY LIMITED","166,541.00"," 2,854,809.17 ","124,951.00"," 2,147,517.16 ","75.03 ","75.22 "
"DOL","DESCON OXYCHEM LIMITED","469,338.00"," 18,085,610.09 ","355,660.00"," 13,708,961.84 ","75.78 ","75.80 "
"DSIL","D. S. INDUSTRIES LIMITED","6,257,593.00"," 67,096,224.49 ","4,825,325.00"," 51,955,091.69 ","77.11 ","77.43 "
"DSL","DOST STEELS LIMITED","8,823,021.00"," 90,194,661.04 ","7,782,476.00"," 79,571,212.89 ","88.21 ","88.22 "
"DWAE","DEWAN AUTOMOTIVE ENGINEERING LIMITED","13,525.00"," 388,157.79 ","11,565.00"," 331,725.50 ","85.51 ","85.46 "
"DWSM","DEWAN SUGAR MILLS LIMITED","558,831.00"," 3,950,102.25 ","486,909.00"," 3,444,110.66 ","87.13 ","87.19 "
"DWTM","DEWAN TEXTILE MILLS LIMITED","17,976.00"," 131,049.17 ","14,974.00"," 108,934.47 ","83.30 ","83.12 "
"DYNO","DYNEA PAKISTAN LIMITED","11,754.00"," 3,793,796.10 ","10,945.00"," 3,530,355.80 ","93.12 ","93.06 "
"ECOP","ECOPACK LIMITED","182,634.00"," 11,568,988.77 ","156,555.00"," 9,924,831.90 ","85.72 ","85.79 "
"EFERT","ENGRO FERTILIZERS LIMITED","563,588.00"," 121,453,926.64 ","461,745.00"," 99,712,368.20 ","81.93 ","82.10 "
"EFUG","EFU GENERAL INSURANCE LIMITED","3,040.00"," 371,801.76 ","2,929.00"," 358,250.13 ","96.35 ","96.36 "
"EFUL","EFU LIFE ASSURANCE LIMITED","2,507.00"," 390,991.33 ","2,219.00"," 346,282.82 ","88.51 ","88.57 "
"ELCM","ELAHI COTTON MILLS LIMITED","96.00"," 21,649.45 ","86.00"," 19,508.78 ","89.58 ","90.11 "
"EMCO","EMCO INDUSTRIES LIMITED","43,227.00"," 2,472,803.28 ","38,783.00"," 2,218,345.88 ","89.72 ","89.71 "
"ENGROH","ENGRO HOLDINGS LIMITED","634,645.00"," 151,791,223.43 ","513,553.00"," 122,862,362.28 ","80.92 ","80.94 "
"EPCL","ENGRO POLYMER & CHEMICALS LIMITED","4,246,871.00"," 140,170,382.83 ","2,974,478.00"," 98,329,290.10 ","70.04 ","70.15 "
"EPCLPS","ENGRO POLYMER & CHEMICALS LTD - PREF.SH.","11,821.00"," 146,209.50 ","11,821.00"," 146,209.50 ","100.00 ","100.00 "
"EPQL","ENGRO POWERGEN QADIRPUR LIMITED","221,615.00"," 6,646,551.19 ","219,611.00"," 6,586,597.75 ","99.10 ","99.10 "
"ESBL","ESCORTS INVESTMENT BANK LIMITED","575,962.00"," 4,046,899.40 ","413,654.00"," 2,943,149.17 ","71.82 ","72.73 "
"EWIC","EAST WEST INSURANCE COMPANY LIMITED","1.00"," 57.29 ","1.00"," 57.29 ","100.00 ","100.00 "
"EXIDE","EXIDE PAKISTAN LIMITED","29,070.00"," 20,107,539.64 ","26,188.00"," 18,109,691.98 ","90.09 ","90.06 "
"FABL","FAYSAL BANK LIMITED","1,244,967.00"," 94,104,925.08 ","913,004.00"," 69,706,469.76 ","73.34 ","74.07 "
"FANM","FIRST AL-NOOR MODARABA","659,618.00"," 4,480,737.42 ","589,659.00"," 4,022,930.25 ","89.39 ","89.78 "
"FASM","FAISAL SPINNING MILLS LIMITED","1,059.00"," 389,754.84 ","753.00"," 279,541.31 ","71.10 ","71.72 "
"FATIMA","FATIMA FERTILIZER COMPANY LIMITED","1,108,867.00"," 137,779,546.77 ","861,727.00"," 109,221,933.37 ","77.71 ","79.27 "
"FCCL","FAUJI CEMENT COMPANY LIMITED","31,217,369.00"," 1,792,431,546.27 ","18,246,028.00"," 1,062,169,618.13 ","58.45 ","59.26 "
"FCEL","FIRST CAPITAL EQUITIES LIMITED","357,025.00"," 2,168,228.69 ","346,525.00"," 2,104,178.69 ","97.06 ","97.05 "
"FCEPL","FRIESLANDCAMPINA ENGRO PAKISTAN LIMITED","3,003,925.00"," 282,550,727.53 ","2,094,379.00"," 197,309,699.45 ","69.72 ","69.83 "
"FCIBL","FIRST CREDIT AND INVESTMENT BANK LIMITED","2,056.00"," 27,847.10 ","2,056.00"," 27,847.10 ","100.00 ","100.00 "
"FCL","FAST CABLES LIMITED","4,120,338.00"," 103,626,960.16 ","3,443,464.00"," 86,674,848.07 ","83.57 ","83.64 "
"FCSC","FIRST CAPITAL SECURITIES CORPORATION LTD","13,938,857.00"," 57,200,069.52 ","6,790,310.00"," 27,869,154.31 ","48.71 ","48.72 "
"FDPL","FIRST DAWOOD PROPERTIES LIMITED","1,916,073.00"," 13,525,673.00 ","1,593,689.00"," 11,258,182.11 ","83.17 ","83.24 "
"FECM","FIRST ELITE CAPITAL MODARABA","36,628.00"," 1,177,719.86 ","23,571.00"," 767,953.87 ","64.35 ","65.21 "
"FECTC","FECTO CEMENT LIMITED","1,458,323.00"," 175,658,968.20 ","672,483.00"," 80,465,538.52 ","46.11 ","45.81 "
"FEM","FIRST EQUITY MODARABA","71,392.00"," 491,396.61 ","66,164.00"," 456,568.27 ","92.68 ","92.91 "
"FEROZ","FEROZSONS LABORATORIES LIMITED","152,589.00"," 64,025,786.91 ","95,529.00"," 40,068,886.44 ","62.61 ","62.58 "
"FFC","FAUJI FERTILIZER COMPANY LIMITED","1,411,056.00"," 630,470,297.74 ","846,617.00"," 381,275,790.13 ","60.00 ","60.47 "
"FFL","FAUJI FOODS LIMITED","40,937,763.00"," 892,864,928.15 ","18,672,222.00"," 412,355,639.85 ","45.61 ","46.18 "
"FFLM","FIRST FIDELITY LEASING MODARABA","16,278.00"," 121,950.23 ","15,802.00"," 118,380.00 ","97.08 ","97.07 "
"FHAM","FIRST HABIB MODARABA","27,743.00"," 1,030,772.82 ","24,332.00"," 906,255.23 ","87.71 ","87.92 "
"ARCTM","ARCTIC TEXTILE MILLS LIMITED","7,810.00"," 292,371.72 ","7,810.00"," 292,371.72 ","100.00 ","100.00 "
"ARPAK","ARPAK INTERNATIONAL INVESTMENT LIMITED","422.00"," 24,494.80 ","422.00"," 24,494.80 ","100.00 ","100.00 "
"ARPL","ARCHROMA PAKISTAN LIMITED","13,490.00"," 6,311,715.95 ","13,288.00"," 6,217,410.43 ","98.50 ","98.51 "
"ARUJ","ARUJ INDUSTRIES LIMITED","140,189.00"," 1,535,792.03 ","87,170.00"," 956,937.90 ","62.18 ","62.31 "
"ASC","AL SHAHEER CORPORATION LIMITED","923,338.00"," 16,789,140.27 ","686,416.00"," 12,492,935.68 ","74.34 ","74.41 "
"ASHT","ASHFAQ TEXTILE MILLS LIMITED","12,264.00"," 342,202.28 ","11,339.00"," 317,231.28 ","92.46 ","92.70 "
"ASL","AISHA STEEL MILLS LIMITED","10,310,665.00"," 156,235,739.52 ","6,596,038.00"," 100,184,107.10 ","63.97 ","64.12 "
"ASLCPS","AISHA STEEL LTD.-CONV.CUM. PREFR. SHARES","173.00"," 15,033.70 ","173.00"," 15,033.70 ","100.00 ","100.00 "
"ASLPS","AISHA STEEL MILLS LTD.-PREFERENCE SHARES","36,942.00"," 886,197.09 ","36,926.00"," 885,865.89 ","99.96 ","99.96 "
"ASTL","AMRELI STEELS LIMITED","1,860,560.00"," 53,349,824.31 ","1,344,817.00"," 38,583,091.84 ","72.28 ","72.32 "
"ASTM","ASIM TEXTILE MILLS LIMITED","3,286.00"," 96,041.63 ","2,234.00"," 66,051.67 ","67.99 ","68.77 "
"ATBA","ATLAS BATTERY LIMITED","34,971.00"," 9,097,183.09 ","33,484.00"," 8,709,423.86 ","95.75 ","95.74 "
"ATIL","ATLAS INSURANCE LIMITED","199,683.00"," 18,003,507.13 ","120,106.00"," 10,801,507.64 ","60.15 ","60.00 "
"ATLH","ATLAS HONDA LIMITED","13,908.00"," 18,827,585.59 ","13,202.00"," 17,871,942.34 ","94.92 ","94.92 "
"ATRL","ATTOCK REFINERY LIMITED","795,374.00"," 529,904,521.98 ","612,214.00"," 412,326,704.44 ","76.97 ","77.81 "
"AVN","AVANCEON LIMITED","1,043,898.00"," 53,697,862.25 ","762,384.00"," 39,450,075.15 ","73.03 ","73.47 "
"BAFL","BANK ALFALAH LIMITED","417,290.00"," 41,803,916.44 ","332,459.00"," 33,879,737.18 ","79.67 ","81.04 "
"BAFS","BABA FARID SUGAR MILLS LIMITED","1,221.00"," 299,048.29 ","950.00"," 234,579.94 ","77.81 ","78.44 "
"BAHL","BANK AL HABIB LIMITED","377,907.00"," 70,198,348.07 ","303,738.00"," 57,449,290.76 ","80.37 ","81.84 "
"BAPL","BAWANY AIR PRODUCTS LIMITED","105,863.00"," 5,199,385.74 ","67,789.00"," 3,329,615.24 ","64.03 ","64.04 "
"BATA","BATA PAKISTAN LIMITED","5,365.00"," 8,144,091.00 ","4,655.00"," 7,065,012.35 ","86.77 ","86.75 "
"BBFL","BIG BIRD FOODS LIMITED","5,072,407.00"," 278,958,658.13 ","3,771,441.00"," 207,617,478.47 ","74.35 ","74.43 "
"BCL","BOLAN CASTINGS LIMITED","40,312.00"," 4,143,309.05 ","32,572.00"," 3,347,405.13 ","80.80 ","80.79 "
"BECO","BECO STEEL LIMITED","12,023,133.00"," 362,619,844.78 ","6,972,319.00"," 211,146,369.25 ","57.99 ","58.23 "
"BELA","BELA AUTOMOTIVES LIMITED","960.00"," 115,849.09 ","899.00"," 108,484.24 ","93.65 ","93.64 "
"BERG","BERGER PAINTS PAKISTAN LIMITED","119,489.00"," 14,217,038.72 ","99,204.00"," 11,807,305.26 ","83.02 ","83.05 "
"BFAGRO","BARKAT FRISIAN AGRO LIMITED","1,203,300.00"," 56,423,890.92 ","1,002,384.00"," 47,011,020.31 ","83.30 ","83.32 "
"BFBIO","BF BIOSCIENCES LIMITED","389,336.00"," 64,110,354.72 ","277,361.00"," 46,298,249.77 ","71.24 ","72.22 "
"BFMOD","B.F. MODARABA","26,750.00"," 447,546.83 ","21,523.00"," 362,681.88 ","80.46 ","81.04 "
"BGL","BALOCHISTAN GLASS LIMITED","15,380,243.00"," 263,388,688.15 ","8,983,106.00"," 153,932,563.81 ","58.41 ","58.44 "
"BHAT","BHANERO TEXTILE MILLS LIMITED","478.00"," 449,422.48 ","242.00"," 226,516.02 ","50.63 ","50.40 "
"BIFO","BIAFO INDUSTRIES LIMITED","62,643.00"," 11,721,063.63 ","61,462.00"," 11,499,273.85 ","98.11 ","98.11 "
"BILF","BILAL FIBRES LIMITED","96,213.00"," 3,236,504.24 ","91,526.00"," 3,084,224.24 ","95.13 ","95.29 "
"BIPL","BANKISLAMI PAKISTAN LIMITED","789,459.00"," 29,019,052.17 ","744,755.00"," 27,372,143.42 ","94.34 ","94.32 "
"BML","BANK MAKRAMAH LIMITED","49,288,686.00"," 395,696,116.37 ","29,315,007.00"," 235,622,362.53 ","59.48 ","59.55 "
"BNL","BUNNY`S LIMITED","1,041,101.00"," 148,360,982.44 ","726,762.00"," 103,687,303.59 ","69.81 ","69.89 "
"BNWM","BANNU WOOLLEN MILLS LIMITED","18,459.00"," 1,401,870.16 ","17,021.00"," 1,292,561.71 ","92.21 ","92.20 "
"BOK","THE BANK OF KHYBER","216,517.00"," 7,362,583.04 ","139,822.00"," 4,762,596.17 ","64.58 ","64.69 "
"BOP","THE BANK OF PUNJAB","149,551,432.00"," 3,811,450,781.25 ","57,218,779.00"," 1,561,253,110.13 ","38.26 ","40.96 "
"BPL","BURSHANE LPG (PAKISTAN) LIMITED","31,913.00"," 1,101,106.79 ","18,811.00"," 651,267.67 ","58.94 ","59.15 "
"BRRG","B.R.R. GUARDIAN LIMITED","11,518.00"," 380,335.81 ","10,057.00"," 332,293.85 ","87.32 ","87.37 "
"BTL","BLESSED TEXTILES LIMITED","779.00"," 247,131.06 ","541.00"," 174,653.76 ","69.45 ","70.67 "
"BUXL","BUXLY PAINTS LIMITED","4,449.00"," 758,158.27 ","3,344.00"," 572,815.98 ","75.16 ","75.55 "
"BWCL","BESTWAY CEMENT  LIMITED","29,224.00"," 16,643,234.37 ","24,992.00"," 14,233,642.90 ","85.52 ","85.52 "
"FIBLM","FIRST IBL MODARABA","65,203.00"," 714,461.64 ","63,603.00"," 696,940.64 ","97.55 ","97.55 "
"FIL","FATEH INDUSTRIES LIMITED","1.00"," 203.99 ","1.00"," 203.99 ","100.00 ","100.00 "
"FIMM","FIRST IMROOZ MODARABA","481.00"," 164,950.91 ","319.00"," 116,344.43 ","66.32 ","70.53 "
"FLYNG","FLYING CEMENT COMPANY LIMITED","539,928.00"," 28,162,853.92 ","344,862.00"," 18,031,143.10 ","63.87 ","64.02 "
"FML","FEROZE1888 MILLS LIMITED","12,537.00"," 969,974.87 ","12,347.00"," 955,306.67 ","98.48 ","98.49 "
"FNEL","FIRST NATIONAL EQUITIES LIMITED","5,377,307.00"," 46,648,539.69 ","3,218,612.00"," 27,989,683.74 ","59.86 ","60.00 "
"FPJM","FIRST PUNJAB MODARABA","2,416,051.00"," 16,116,498.68 ","1,425,177.00"," 9,601,986.24 ","58.99 ","59.58 "
"FPRM","FIRST PARAMOUNT MODARABA","13,003.00"," 147,516.81 ","13,003.00"," 147,516.81 ","100.00 ","100.00 "
"FRCL","FRONTIER CERAMICS LIMITED","2,200.00"," 97,785.20 ","2,200.00"," 97,785.20 ","100.00 ","100.00 "
"FRSM","FARAN SUGAR MILLS LIMITED","19,142.00"," 1,004,803.90 ","18,612.00"," 976,478.60 ","97.23 ","97.18 "
"FSWL","FATEH SPORTS WEAR LIMITED","1,805.00"," 214,056.67 ","1,448.00"," 172,139.81 ","80.22 ","80.42 "
"FTMM","FIRST TREET MANUFACTURING MODARABA","10,762.00"," 204,645.94 ","10,545.00"," 200,438.27 ","97.98 ","97.94 "
"FTSM","FIRST TRI-STAR MODARABA","292.00"," 4,531.89 ","291.00"," 4,516.03 ","99.66 ","99.65 "
"FZCM","FAZAL CLOTH MILLS LIMITED","6,129.00"," 1,746,395.17 ","5,089.00"," 1,452,702.94 ","83.03 ","83.18 "
"GADT","GADOON TEXTILE MILLS LIMITED","57,181.00"," 23,686,457.45 ","47,761.00"," 19,787,957.12 ","83.53 ","83.54 "
"GAL","GHANDHARA AUTOMOBILES LIMITED","2,033,212.00"," 1,243,683,407.89 ","809,664.00"," 497,064,106.50 ","39.82 ","39.97 "
"GAMON","GAMMON PAKISTAN LIMITED","15,982.00"," 447,452.56 ","15,271.00"," 427,544.56 ","95.55 ","95.55 "
"GATI","GATRON (INDUSTRIES) LIMITED","93,605.00"," 12,309,165.73 ","85,295.00"," 11,220,318.13 ","91.12 ","91.15 "
"GATM","GUL AHMED TEXTILE MILLS LIMITED","2,027,760.00"," 80,548,223.16 ","1,432,306.00"," 57,163,908.73 ","70.63 ","70.97 "
"GCIL","GHANI CHEMICAL INDUSTRIES LIMITED","1,271,614.00"," 42,991,315.16 ","1,190,125.00"," 40,236,514.13 ","93.59 ","93.59 "
"GCWL","GHANI CHEMWORLD LIMITED","2,404,782.00"," 47,429,575.18 ","1,895,902.00"," 37,415,139.92 ","78.84 ","78.89 "
"GEMBLUEX","BLUE-EX LIMITED","503.00"," 32,751.55 ","502.00"," 32,692.99 ","99.80 ","99.82 "
"GEMMEL","MUGHAL ENERGY LIMITED","285.00"," 6,555.00 ","285.00"," 6,555.00 ","100.00 ","100.00 "
"GEMNETS","NETS INTERNATIONAL COMMUNICATION LIMITED","1,004.00"," 45,931.00 ","1,004.00"," 45,931.00 ","100.00 ","100.00 "
"GEMPACRA","THE PAKISTAN CREDIT RATING AGENCY LTD.","10,311.00"," 268,899.92 ","10,307.00"," 268,795.40 ","99.96 ","99.96 "
"GEMPAPL","PAK AGRO PACKAGING LIMITED","23,500.00"," 332,125.00 ","23,500.00"," 332,125.00 ","100.00 ","100.00 "
"GEMSPNL","SUPERNET LIMITED","473,130.00"," 25,136,486.20 ","451,231.00"," 23,974,033.44 ","95.37 ","95.38 "
"GFIL","GHAZI FABRICS INTERNATIONAL LIMITED","20,744.00"," 364,610.02 ","19,162.00"," 336,259.92 ","92.37 ","92.22 "
"GGGL","GHANI GLOBAL GLASS LIMITED","1,933,140.00"," 25,259,593.84 ","1,524,024.00"," 19,937,496.26 ","78.84 ","78.93 "
"GGL","GHANI GLOBAL HOLDINGS LIMITED","3,681,661.00"," 100,427,952.53 ","2,704,414.00"," 73,772,451.43 ","73.46 ","73.46 "
"GHGL","GHANI GLASS LIMITED","135,558.00"," 6,362,559.24 ","127,871.00"," 5,999,883.47 ","94.33 ","94.30 "
"GHNI","GHANDHARA INDUSTRIES LIMITED","938,731.00"," 827,039,804.84 ","443,402.00"," 391,921,692.64 ","47.23 ","47.39 "
"GLAXO","GLAXOSMITHKLINE PAKISTAN LIMITED","2,741,613.00"," 1,207,019,128.90 ","1,713,582.00"," 755,421,979.69 ","62.50 ","62.59 "
"GLPL","GILLETTE PAKISTAN LIMITED","2,321.00"," 520,135.62 ","2,212.00"," 496,096.92 ","95.30 ","95.38 "
"GOC","GOC (PAK) LIMITED","1,470.00"," 208,374.08 ","1,469.00"," 208,234.08 ","99.93 ","99.93 "
"GRR","GLOBE RESIDENCY REIT","158,259.00"," 3,077,235.83 ","157,264.00"," 3,057,869.30 ","99.37 ","99.37 "
"GRYL","GRAYS LEASING LIMITED","146,052.00"," 4,084,075.07 ","128,617.00"," 3,596,726.44 ","88.06 ","88.07 "
"GSPM","GULSHAN SPINNING MILLS LIMITED","37,428.00"," 217,084.02 ","37,019.00"," 214,746.41 ","98.91 ","98.92 "
"GTYR","GHANDHARA TYRE AND RUBBER COMPANY LTD.","445,059.00"," 18,207,703.31 ","426,724.00"," 17,460,078.63 ","95.88 ","95.89 "
"GUSM","GULISTAN SPINNING MILLS LIMITED","73,003.00"," 686,833.90 ","73,002.00"," 686,824.30 ","100.00 ","100.00 "
"GVGL","GHANI VALUE GLASS LIMITED","185,053.00"," 13,071,800.69 ","163,459.00"," 11,576,184.51 ","88.33 ","88.56 "
"GWLC","GHARIBWAL CEMENT LIMITED","1,084,958.00"," 60,098,734.73 ","859,681.00"," 47,623,655.92 ","79.24 ","79.24 "
"HABSM","HABIB SUGAR MILLS LIMITED","12,548.00"," 1,010,063.70 ","11,793.00"," 948,899.40 ","93.98 ","93.94 "
"HAEL","HALA ENTERPRISES LIMITED","78,204.00"," 2,171,447.89 ","64,749.00"," 1,804,278.97 ","82.79 ","83.09 "
"HALEON","HALEON PAKISTAN LIMITED","266,191.00"," 236,124,587.95 ","181,986.00"," 161,787,827.50 ","68.37 ","68.52 "
"HASCOL","HASCOL PETROLEUM LIMITED","12,203,968.00"," 139,322,012.32 ","8,029,316.00"," 91,840,288.29 ","65.79 ","65.92 "
"HBL","HABIB BANK LIMITED","2,641,326.00"," 652,859,128.79 ","1,759,090.00"," 447,081,096.84 ","66.60 ","68.48 "
"HBLTETF","HBL TOTAL TREASURY EXCHANGE TRADED FUND","2,200.00"," 230,651.00 ","2,100.00"," 220,176.00 ","95.45 ","95.46 "
"HCAR","HONDA  ATLAS CARS (PAKISTAN) LIMITED","287,760.00"," 84,557,108.11 ","253,497.00"," 74,485,095.25 ","88.09 ","88.09 "
"HGFA","HBL GROWTH FUND-CLASS A","1,446,065.00"," 28,080,188.35 ","1,214,380.00"," 23,610,458.09 ","83.98 ","84.08 "
"HICL","HABIB INSURANCE COMPANY LIMITED","227,519.00"," 3,133,459.66 ","205,376.00"," 2,833,396.66 ","90.27 ","90.42 "
"HIFA","HBL INVESTMENT FUND-CLASS A","18,230,364.00"," 128,683,667.25 ","8,881,520.00"," 62,619,316.18 ","48.72 ","48.66 "
"HINO","HINOPAK MOTORS LIMITED","8,807.00"," 4,532,696.03 ","8,420.00"," 4,333,416.17 ","95.61 ","95.60 "
"HINOON","HIGHNOON LABORATORIES LIMITED","33,953.00"," 38,292,602.47 ","30,087.00"," 33,919,862.50 ","88.61 ","88.58 "
"HIRAT","HIRA TEXTILE MILLS LIMITED","2,647,215.00"," 15,697,314.28 ","1,765,230.00"," 10,519,088.90 ","66.68 ","67.01 "
"HMB","HABIB METROPOLITAN BANK LIMITED","1,004,082.00"," 113,160,141.55 ","977,063.00"," 110,104,813.22 ","97.31 ","97.30 "
"HPL","HOECHST PAKISTAN LIMITED","1,612.00"," 6,328,682.37 ","1,421.00"," 5,573,560.51 ","88.15 ","88.07 "
"HRPL","HABIB RICE PRODUCTS LIMITED","11,662.00"," 372,466.18 ","10,803.00"," 345,074.00 ","92.63 ","92.65 "
"HTL","HI-TECH LUBRICANTS LIMITED","706,818.00"," 36,721,808.85 ","616,914.00"," 32,061,121.78 ","87.28 ","87.31 "
"HUBC","THE HUB POWER COMPANY LIMITED","11,357,276.00"," 2,346,637,739.94 ","5,313,142.00"," 1,125,086,037.59 ","46.78 ","47.94 "
"HUMNL","HUM NETWORK LIMITED","5,879,425.00"," 93,003,000.82 ","2,041,874.00"," 34,927,059.55 ","34.73 ","37.55 "
"HUSI","HUSEIN INDUSTRIES LIMITED","335.00"," 10,033.25 ","335.00"," 10,033.25 ","100.00 ","100.00 "
"HWQS","HASEEB WAQAS SUGAR MILLS LIMITED","76,647.00"," 1,495,878.21 ","62,924.00"," 1,227,343.41 ","82.10 ","82.05 "
"IBFL","IBRAHIM FIBRES LIMITED","3.00"," 908.01 ","3.00"," 908.01 ","100.00 ","100.00 "
"IBLHL","IBL HEALTHCARE LIMITED","825,802.00"," 49,771,262.16 ","719,071.00"," 43,352,355.79 ","87.08 ","87.10 "
"ICCI","ICC INDUSTRIES LIMITED","1,059,243.00"," 15,025,480.90 ","685,947.00"," 9,635,304.73 ","64.76 ","64.13 "
"ICIBL","INVEST CAPITAL INVESTMENT BANK LIMITED","4,357,962.00"," 30,307,451.35 ","3,177,894.00"," 22,124,999.59 ","72.92 ","73.00 "
"ICL","ITTEHAD CHEMICALS LIMITED","42,348.00"," 4,703,561.83 ","36,463.00"," 4,052,190.67 ","86.10 ","86.15 "
"IDRT","IDREES TEXTILE MILLS LIMITED","22,507.00"," 577,548.06 ","20,446.00"," 525,660.76 ","90.84 ","91.02 "
"IDSM","IDEAL SPINNING MILLS LIMITED","11,122.00"," 265,648.68 ","11,062.00"," 264,266.68 ","99.46 ","99.48 "
"IDYM","INDUS DYEING AND MANUFACTURING CO. LTD.","15,101.00"," 2,771,900.75 ","11,085.00"," 2,043,713.21 ","73.41 ","73.73 "
"IGIHL","IGI HOLDINGS LIMITED","597,825.00"," 168,352,065.58 ","509,415.00"," 142,721,901.78 ","85.21 ","84.78 "
"IGIL","IGI LIFE INSURANCE LIMITED","45,178.00"," 916,402.41 ","43,845.00"," 889,409.16 ","97.05 ","97.05 "
"ILP","INTERLOOP LIMITED","360,093.00"," 27,896,005.68 ","311,048.00"," 24,222,576.84 ","86.38 ","86.83 "
"IMAGE","IMAGE PAKISTAN LIMITED","2,483,591.00"," 71,189,509.35 ","1,947,502.00"," 55,852,218.02 ","78.41 ","78.46 "
"IML","IMPERIAL LIMITED","3,598.00"," 70,592.76 ","1,799.00"," 35,962.01 ","50.00 ","50.94 "
"IMS","INTERMARKET SECURITIES LIMITED","1,765,871.00"," 24,908,686.80 ","1,570,460.00"," 22,166,536.49 ","88.93 ","88.99 "
"INDU","INDUS MOTOR COMPANY LIMITED","6,950.00"," 15,492,831.09 ","6,299.00"," 14,045,510.95 ","90.63 ","90.66 "
"INIL","INTERNATIONAL INDUSTRIES LIMITED","233,994.00"," 53,965,275.18 ","185,281.00"," 42,961,030.46 ","79.18 ","79.61 "
"INKL","INTERNATIONAL KNITWEAR LIMITED","12,268.00"," 562,773.41 ","11,211.00"," 514,568.16 ","91.38 ","91.43 "
"IPAK","INTERNATIONAL PACKAGING FILMS LIMITED","2,669,860.00"," 67,944,730.13 ","1,543,362.00"," 39,102,072.19 ","57.81 ","57.55 "
"ISIL","ISMAIL INDUSTRIES LIMITED","84.00"," 178,633.58 ","69.00"," 146,127.39 ","82.14 ","81.80 "
"ISL","INTERNATIONAL STEELS LIMITED","551,095.00"," 67,799,849.59 ","408,474.00"," 50,498,075.11 ","74.12 ","74.48 "
"ITTEFAQ","ITTEFAQ IRON INDUSTRIES LIMITED","1,583,315.00"," 16,370,107.15 ","1,263,607.00"," 13,063,596.11 ","79.81 ","79.80 "
"JATM","J. A. TEXTILE MILLS LIMITED","7,870.00"," 219,730.29 ","6,477.00"," 180,004.60 ","82.30 ","81.92 "
"JDMT","JANANA DE MALUCHO TEXTILE MILLS LIMITED","3,797.00"," 387,774.09 ","3,297.00"," 337,769.09 ","86.83 ","87.10 "
"JDWS","JDW SUGAR MILLS LIMITED","1,155.00"," 1,005,999.90 ","1,034.00"," 900,541.39 ","89.52 ","89.52 "
"JGICL","JUBILEE GENERAL INSURANCE COMPANY LTD.","113,219.00"," 9,844,627.30 ","54,414.00"," 4,690,364.56 ","48.06 ","47.64 "
"JKSM","J.K. SPINNING MILLS LIMITED","23,451.00"," 5,372,352.40 ","16,122.00"," 3,731,445.30 ","68.75 ","69.46 "
"JLICL","JUBILEE LIFE INSURANCE COMPANY LIMITED","629.00"," 106,423.95 ","629.00"," 106,423.95 ","100.00 ","100.00 "
"JSBL","JS BANK LIMITED","1,876,782.00"," 35,678,351.15 ","1,760,655.00"," 33,481,130.43 ","93.81 ","93.84 "
"JSCL","JAHANGIR SIDDIQUI AND CO. LTD","2,018,408.00"," 58,531,932.72 ","1,276,153.00"," 37,112,764.15 ","63.23 ","63.41 "
"JSCLPSA","JAHANGIR SIDDIQUI & CO.LTD-PREF.SHARES","208,613.00"," 3,114,264.75 ","208,019.00"," 3,105,691.31 ","99.72 ","99.72 "
"JSGBETF","JS GLOBAL BANKING SECTOR ETF","62,000.00"," 2,303,445.00 ","48,500.00"," 1,797,905.00 ","78.23 ","78.05 "
"JSGCL","JS GLOBAL CAPITAL  LIMITED","1,685.00"," 248,813.10 ","1,567.00"," 231,079.60 ","93.00 ","92.87 "
"JSIL","JS INVESTMENTS LIMITED","19,440.00"," 583,174.46 ","15,894.00"," 475,795.76 ","81.76 ","81.59 "
"JSMFETF","JS MOMENTUM FACTOR EXCHANGE TRADED FUND","602,500.00"," 7,519,890.00 ","414,000.00"," 5,168,020.00 ","68.71 ","68.72 "
"JSML","JAUHARABAD SUGAR MILLS LIMITED","163,717.00"," 11,475,241.71 ","95,739.00"," 6,736,382.22 ","58.48 ","58.70 "
"JUBS","JUBILEE SPINNING & WEAVING MILLS LIMITED","58,591.00"," 1,760,897.16 ","51,347.00"," 1,543,191.43 ","87.64 ","87.64 "
"JVDC","JAVEDAN CORPORATION LIMITED","251,693.00"," 22,690,009.27 ","207,076.00"," 18,677,157.11 ","82.27 ","82.31 "
"KAPCO","KOT ADDU POWER COMPANY LIMITED","1,363,085.00"," 47,811,964.38 ","1,131,457.00"," 39,699,980.57 ","83.01 ","83.03 "
"KEL","K-ELECTRIC LIMITED","276,522,179.00"," 1,630,773,109.02 ","120,011,822.00"," 734,841,746.32 ","43.40 ","45.06 "
"KHTC","KHYBER TOBACCO COMPANY LIMITED","9,896.00"," 4,660,919.46 ","9,825.00"," 4,627,747.84 ","99.28 ","99.29 "
"KHYT","KHYBER TEXTILE MILLS LIMITED","175.00"," 394,926.11 ","168.00"," 379,184.79 ","96.00 ","96.01 "
"KML","KOHINOOR MILLS LIMITED","109,945.00"," 11,339,548.29 ","93,701.00"," 9,668,466.59 ","85.23 ","85.26 "
"KOHC","KOHAT CEMENT COMPANY LIMITED","440,134.00"," 44,819,112.52 ","358,232.00"," 36,499,199.04 ","81.39 ","81.44 "
"KOHE","KOHINOOR ENERGY LIMITED","656,431.00"," 12,806,406.21 ","594,434.00"," 11,597,688.14 ","90.56 ","90.56 "
"KOHP","KOHINOOR POWER COMPANY LIMITED","303,218.00"," 4,699,801.93 ","288,171.00"," 4,465,277.21 ","95.04 ","95.01 "
"KOHTM","KOHAT TEXTILE MILLS LIMITED","37,911.00"," 2,268,103.89 ","34,976.00"," 2,093,301.72 ","92.26 ","92.29 "
"KOIL","KOHINOOR INDUSTRIES LIMITED","1,106,239.00"," 17,628,223.46 ","653,241.00"," 10,400,643.46 ","59.05 ","59.00 "
"KOSM","KOHINOOR SPINNING MILLS LIMITED","23,858,025.00"," 181,993,853.74 ","12,740,595.00"," 97,299,266.19 ","53.40 ","53.46 "
"KPUS","KHAIRPUR SUGAR MILLS LIMITED","1.00"," 135.99 ","1.00"," 135.99 ","100.00 ","100.00 "
"KSBP","KSB PUMPS COMPANY LIMITED","113,826.00"," 24,978,210.52 ","104,816.00"," 23,001,217.97 ","92.08 ","92.09 "
"KSTM","KHALID SIRAJ TEXTILE MILLS LIMITED","12,422.00"," 128,763.74 ","12,121.00"," 125,793.34 ","97.58 ","97.69 "
"KTML","KOHINOOR TEXTILE MILLS LIMITED","1,807,638.00"," 128,013,059.95 ","1,234,692.00"," 87,486,455.99 ","68.30 ","68.34 "
"LCI","LUCKY CORE INDUSTRIES LIMITED","315,944.00"," 103,297,605.02 ","291,030.00"," 95,114,928.80 ","92.11 ","92.08 "
"LEUL","LEATHER UP LIMITED","14,930.00"," 791,653.16 ","10,574.00"," 564,438.27 ","70.82 ","71.30 "
"LIVEN","LIVEN PHARMA LIMITED","310,937.00"," 21,753,371.32 ","262,521.00"," 18,386,761.11 ","84.43 ","84.52 "
"LOADS","LOADS LIMITED","1,587,491.00"," 27,197,697.06 ","1,268,375.00"," 21,734,301.30 ","79.90 ","79.91 "
"LOTCHEM","LOTTE CHEMICAL PAKISTAN LIMITED","8,296,828.00"," 202,967,091.07 ","4,356,786.00"," 115,545,507.83 ","52.51 ","56.93 "
"LPGL","LEINER PAK GELATINE LIMITED","41,237.00"," 4,690,687.60 ","31,959.00"," 3,651,397.93 ","77.50 ","77.84 "
"LPL","LALPIR POWER LIMITED","887,144.00"," 23,008,496.88 ","838,034.00"," 21,742,985.82 ","94.46 ","94.50 "
"LSECL","LSE CAPITAL LIMITED","138,432.00"," 1,057,448.43 ","122,811.00"," 937,921.31 ","88.72 ","88.70 "
"LSEFSL","LSE FINANCIAL SERVICES LIMITED","10.00"," 249.91 ","10.00"," 249.91 ","100.00 ","100.00 "
"LSEVL","LSE VENTURES LIMITED","81,800.00"," 582,862.70 ","81,052.00"," 577,507.30 ","99.09 ","99.08 "
"LUCK","LUCKY CEMENT LIMITED","959,126.00"," 459,855,601.83 ","642,478.00"," 312,846,370.93 ","66.99 ","68.03 "
"MACFL","MACPAC FILMS LIMITED","685,833.00"," 22,471,772.87 ","385,095.00"," 12,672,776.02 ","56.15 ","56.39 "
"MACTER","MACTER INTERNATIONAL LIMITED","53,036.00"," 20,968,691.65 ","39,029.00"," 15,440,540.00 ","73.59 ","73.64 "
"MARI","MARI ENERGIES LIMITED","1,757,787.00"," 1,152,759,391.02 ","1,094,126.00"," 738,568,506.51 ","62.24 ","64.07 "
"MCB","MCB BANK LIMITED","546,935.00"," 192,967,149.73 ","492,524.00"," 174,059,807.91 ","90.05 ","90.20 "
"MCBIM","MCB INVESTMENT MANAGEMENT LIMITED","38,311.00"," 5,829,621.24 ","33,414.00"," 5,109,474.43 ","87.22 ","87.65 "
"MDTL","MEDIA TIMES LIMITED","22,832,011.00"," 122,194,090.74 ","8,924,740.00"," 48,190,020.57 ","39.09 ","39.44 "
"MEBL","MEEZAN BANK LIMITED","1,246,168.00"," 504,499,149.18 ","1,089,272.00"," 446,012,483.60 ","87.41 ","88.41 "
"MEHT","MAHMOOD TEXTILE MILLS LIMITED","1,981.00"," 637,546.10 ","1,919.00"," 616,888.13 ","96.87 ","96.76 "
"MERIT","MERIT PACKAGING LIMITED","1,313,846.00"," 17,438,930.86 ","1,174,672.00"," 15,593,958.53 ","89.41 ","89.42 "
"MFFL","MITCHELLS FRUIT FARMS LIMITED","357,195.00"," 82,275,376.43 ","194,784.00"," 44,836,330.47 ","54.53 ","54.50 "
"MFL","MATCO FOODS LIMITED","682,322.00"," 31,546,022.05 ","309,862.00"," 14,379,722.45 ","45.41 ","45.58 "
"MIIETF","MAHAANA ISLAMIC INDEX ETF","500,959.00"," 8,393,317.50 ","421,000.00"," 7,056,660.00 ","84.04 ","84.07 "
"MIRKS","MIRPURKHAS SUGAR MILLS LIMITED","74,725.00"," 2,858,238.40 ","61,714.00"," 2,357,985.78 ","82.59 ","82.50 "
"MLCF","MAPLE LEAF CEMENT FACTORY LIMITED","4,550,605.00"," 473,604,648.42 ","2,038,874.00"," 221,012,935.63 ","44.80 ","46.67 "
"MQTM","MAQBOOL TEXTILE MILLS LIMITED","9,065.00"," 317,245.69 ","9,065.00"," 317,245.69 ","100.00 ","100.00 "
"MRNS","MEHRAN SUGAR MILLS LIMITED","27,971.00"," 1,983,461.00 ","21,816.00"," 1,550,254.00 ","78.00 ","78.16 "
"MSCL","METROPOLITAN STEEL CORPORATION LIMITED","2,541,858.00"," 43,763,722.33 ","1,394,505.00"," 24,059,951.09 ","54.86 ","54.98 "
"MSOT","MASOOD TEXTILE MILLS LIMITED","4,483.00"," 269,199.30 ","4,272.00"," 256,893.88 ","95.29 ","95.43 "
"MTL","MILLAT TRACTORS LIMITED","138,810.00"," 78,569,860.15 ","114,864.00"," 65,251,100.69 ","82.75 ","83.05 "
"MUGHAL","MUGHAL IRON & STEEL INDUSTRIES LIMITED","11,575,162.00"," 1,052,051,087.37 ","7,974,548.00"," 725,635,330.42 ","68.89 ","68.97 "
"MUGHALC","MUGHAL IRON AND STEEL IND. LTD.-CLASS C","426,367.00"," 19,396,236.64 ","365,904.00"," 16,636,787.39 ","85.82 ","85.77 "
"MUREB","MURREE BREWERY COMPANY LIMITED","60,700.00"," 62,505,442.13 ","60,668.00"," 62,472,499.92 ","99.95 ","99.95 "
"MWMP","MANDVIWALLA MAUSER PLASTIC IND. LTD","463,683.00"," 72,875,485.98 ","249,187.00"," 39,297,097.05 ","53.74 ","53.92 "
"MZNPETF","MEEZAN PAKISTAN EXCHANGE TRADED FUND","667,470.00"," 13,491,634.63 ","420,560.00"," 8,515,516.63 ","63.01 ","63.12 "
"NATF","NATIONAL FOODS LIMITED","264,297.00"," 97,578,637.58 ","222,596.00"," 82,228,974.60 ","84.22 ","84.27 "
"NBP","NATIONAL BANK OF PAKISTAN","12,148,977.00"," 2,252,910,875.39 ","5,434,708.00"," 1,041,517,020.29 ","44.73 ","46.23 "
"NBPGETF","NBP PAKISTAN GROWTH EXCHANGE TRADED FUND","24,000.00"," 654,860.00 ","18,500.00"," 515,000.00 ","77.08 ","78.64 "
"NCL","NISHAT (CHUNIAN) LIMITED","629,705.00"," 29,666,785.35 ","442,153.00"," 20,925,392.04 ","70.22 ","70.53 "
"NCML","NAZIR COTTON MILLS LIMITED","7,102.00"," 94,734.51 ","7,101.00"," 94,720.51 ","99.99 ","99.99 "
"NCPL","NISHAT CHUNIAN POWER LIMITED","309,372.00"," 8,682,938.89 ","281,738.00"," 7,906,718.40 ","91.07 ","91.06 "
"NESTLE","NESTLE PAKISTAN LIMITED","153.00"," 1,286,134.07 ","139.00"," 1,169,091.06 ","90.85 ","90.90 "
"NETSOL","NETSOL TECHNOLOGIES LIMITED","1,594,980.00"," 240,632,540.37 ","1,000,729.00"," 150,991,472.99 ","62.74 ","62.75 "
"NEXT","NEXT CAPITAL LIMITED","535,568.00"," 6,354,952.61 ","394,734.00"," 4,737,669.51 ","73.70 ","74.55 "
"NICL","NIMIR INDUSTRIAL CHEMICALS LIMITED","145,606.00"," 27,650,487.62 ","106,258.00"," 20,243,270.67 ","72.98 ","73.21 "
"NITGETF","NIT PAK. GATEWAY EXCHANGE TRADED FUND","10,500.00"," 346,815.00 ","7,000.00"," 233,060.00 ","66.67 ","67.20 "
"NML","NISHAT MILLS LIMITED","1,554,173.00"," 237,890,779.79 ","574,749.00"," 95,266,832.88 ","36.98 ","40.05 "
"NONS","NOON SUGAR MILLS LIMITED","15,654.00"," 1,438,780.55 ","14,689.00"," 1,348,550.75 ","93.84 ","93.73 "
"NPL","NISHAT POWER LIMITED","144,101.00"," 6,102,669.24 ","122,497.00"," 5,189,263.24 ","85.01 ","85.03 "
"NRL","NATIONAL REFINERY LIMITED","1,481,268.00"," 554,559,376.51 ","836,563.00"," 313,872,041.46 ","56.48 ","56.60 "
"NRSL","NIMIR RESINS LIMITED","117,814.00"," 4,352,307.65 ","98,387.00"," 3,635,883.94 ","83.51 ","83.54 "
"NSRM","THE NATIONAL SILK & RAYON MILLS LIMITED","280.00"," 28,457.71 ","280.00"," 28,457.71 ","100.00 ","100.00 "
"OBOY","OILBOY ENERGY LIMITED","699,566.00"," 7,003,595.41 ","556,399.00"," 5,583,261.22 ","79.53 ","79.72 "
"OCTOPUS","OCTOPUS DIGITAL LIMITED","1,309,549.00"," 71,914,734.33 ","872,881.00"," 48,015,387.31 ","66.66 ","66.77 "
"OGDC","OIL & GAS DEVELOPMENT COMPANY LIMITED","13,394,051.00"," 3,659,369,674.81 ","5,274,209.00"," 1,510,135,180.26 ","39.38 ","41.27 "
"OLPL","OLP FINANCIAL SERVICES PAKISTAN LIMITED","1,760.00"," 90,957.74 ","1,557.00"," 80,503.72 ","88.47 ","88.51 "
"OLPM","OLP MODARABA","5,632.00"," 132,374.63 ","4,631.00"," 108,651.62 ","82.23 ","82.08 "
"OML","OLYMPIA MILLS LIMITED","47,990.00"," 1,896,346.69 ","2,848.00"," 113,191.03 ","5.93 ","5.97 "
"ORM","ORIENT RENTAL MODARABA","718,685.00"," 9,363,521.57 ","687,577.00"," 8,960,168.12 ","95.67 ","95.69 "
"OTSU","OTSUKA PAKISTAN LIMITED","22,314.00"," 7,481,424.71 ","19,587.00"," 6,560,993.89 ","87.78 ","87.70 "
"P01GIS031225","1 YEAR GIS-DISCOUNTED-MATURITY 03-12-25","1.00"," 4,905.00 ","1.00"," 4,905.00 ","100.00 ","100.00 "
"P01GIS061125","1 YEAR GIS-DISCOUNTED-MATURITY 06-11-25","1.00"," 4,941.50 ","1.00"," 4,941.50 ","100.00 ","100.00 "
"P01GIS080126","1 YEAR GIS-DISCOUNTED-MAT DATE 08-01-26","1.00"," 4,860.00 ","1.00"," 4,860.00 ","100.00 ","100.00 "
"P01GIS200826","1 YEAR GIS-DISCOUNTED-MATURITY 20AUG26","1.00"," 4,586.50 ","1.00"," 4,586.50 ","100.00 ","100.00 "
"P01GIS201025","1 YEAR GIS-DISCOUNTED-MATURITY 20-10-25","10,002.00"," 49,628,227.00 ","10,002.00"," 49,628,227.00 ","100.00 ","100.00 "
"P01GIS290526","1 YEAR GIS-DISCOUNTED-MATURITY 29MAY26","1.00"," 4,685.00 ","1.00"," 4,685.00 ","100.00 ","100.00 "
"P05FRR300530","5 YEAR GIS-FRR-MATURITY DATE 30-MAY-30","20.00"," 103,564.92 ","20.00"," 103,564.92 ","100.00 ","100.00 "
"PABC","PAKISTAN ALUMINIUM BEVERAGE CANS LTD","183,176.00"," 27,569,068.46 ","131,715.00"," 19,785,252.74 ","71.91 ","71.77 "
"PACE","PACE (PAKISTAN) LIMITED","42,767,691.00"," 508,835,840.90 ","20,925,854.00"," 252,193,540.04 ","48.93 ","49.56 "
"PAEL","PAK ELEKTRON LIMITED","10,602,074.00"," 562,482,533.60 ","5,716,530.00"," 314,493,431.30 ","53.92 ","55.91 "
"PAKD","PAK DATACOM LIMITED","6,412.00"," 1,257,904.34 ","5,306.00"," 1,041,180.89 ","82.75 ","82.77 "
"PAKL","PAK LEATHER CRAFTS LIMITED","67,566.00"," 2,780,340.90 ","52,566.00"," 2,163,090.90 ","77.80 ","77.80 "
"PAKOXY","PAKISTAN OXYGEN LIMITED","2,695.00"," 647,895.28 ","2,063.00"," 496,004.33 ","76.55 ","76.56 "
"PAKRI","PAKISTAN REINSURANCE COMPANY LIMITED","1,402,142.00"," 20,961,228.88 ","1,101,999.00"," 16,489,243.65 ","78.59 ","78.67 "
"PAKT","PAKISTAN TOBACCO COMPANY LIMITED","10,238.00"," 16,213,022.49 ","8,391.00"," 13,283,769.69 ","81.96 ","81.93 "
"PASL","PERVEZ AHMED CONSULTANCY SERVICES LTD","25,171,317.00"," 88,557,213.04 ","10,401,849.00"," 36,682,767.65 ","41.32 ","41.42 "
"PASM","PARAMOUNT SPINNING MILLS LIMITED","71,296.00"," 554,021.14 ","64,995.00"," 506,927.24 ","91.16 ","91.50 "
"PCAL","PAKISTAN CABLES LIMITED","11,471.00"," 2,003,748.69 ","11,410.00"," 1,993,089.09 ","99.47 ","99.47 "
"PECO","PAKISTAN ENGINEERING COMPANY LIMITED","1,865.00"," 1,108,436.06 ","1,827.00"," 1,085,927.08 ","97.96 ","97.97 "
"PGLC","PAK GULF LEASING COMPANY LIMITED","85,282.00"," 1,567,723.47 ","81,547.00"," 1,499,127.32 ","95.62 ","95.62 "
"PIAHCLA","PIA HOLDING COMPANY LIMITED-CLASS A","4,201,430.00"," 87,988,818.65 ","2,985,336.00"," 62,601,747.35 ","71.06 ","71.15 "
"PIAHCLB","PIA HOLDING COMPANY LIMITED-CLASS B","28.00"," 685,568.54 ","23.00"," 565,287.15 ","82.14 ","82.46 "
"PIBTL","PAKISTAN INTERNATIONAL BULK TERMINAL LTD","29,644,117.00"," 414,960,385.71 ","18,948,085.00"," 265,595,498.15 ","63.92 ","64.01 "
"PICT","PAKISTAN INTL CONTAINER TERMINAL LTD.","255,464.00"," 10,974,984.28 ","159,764.00"," 6,857,554.00 ","62.54 ","62.48 "
"PIL","PICIC INSURANCE LIMITED","1,324,375.00"," 8,585,756.04 ","946,157.00"," 6,164,090.93 ","71.44 ","71.79 "
"PIM","POPULAR ISLAMIC MODARABA","6,418.00"," 155,993.59 ","5,003.00"," 123,910.45 ","77.95 ","79.43 "
"PINL","PREMIER INSURANCE LIMITED","263,597.00"," 2,263,199.04 ","204,504.00"," 1,759,700.16 ","77.58 ","77.75 "
"PIOC","PIONEER CEMENT LIMITED","146,348.00"," 38,070,518.16 ","103,254.00"," 27,031,159.25 ","70.55 ","71.00 "
"PKGI","THE PAKISTAN GENERAL INSURANCE CO. LTD.","109,441.00"," 1,263,554.98 ","103,568.00"," 1,197,735.34 ","94.63 ","94.79 "
"PKGP","PAKGEN POWER LIMITED","18,341.00"," 1,821,984.48 ","18,291.00"," 1,817,034.68 ","99.73 ","99.73 "
"PKGS","PACKAGES LIMITED","2,578.00"," 1,799,688.13 ","2,578.00"," 1,799,688.13 ","100.00 ","100.00 "
"PMPK","PHILIP MORRIS (PAKISTAN) LIMITED","534.00"," 694,200.00 ","534.00"," 694,200.00 ","100.00 ","100.00 "
"PNSC","PAKISTAN NATIONAL SHIPPING CORPORATION","128,803.00"," 56,784,637.37 ","109,441.00"," 48,299,615.32 ","84.97 ","85.06 "
"POL","PAKISTAN OILFIELDS LIMITED","205,724.00"," 141,322,867.69 ","162,594.00"," 111,936,793.83 ","79.04 ","79.21 "
"POML","PUNJAB OIL MILLS LIMITED","16,306.00"," 3,188,982.14 ","13,465.00"," 2,637,074.08 ","82.58 ","82.69 "
"POWER","POWER CEMENT LIMITED","2,411,768.00"," 45,262,312.83 ","2,053,937.00"," 38,556,221.54 ","85.16 ","85.18 "
"POWERPS","POWER CEMENT LIMITED - PREFERENCE SHARES","496.00"," 13,184.32 ","446.00"," 11,870.82 ","89.92 ","90.04 "
"PPL","PAKISTAN PETROLEUM LIMITED","13,991,620.00"," 2,611,389,120.79 ","6,228,287.00"," 1,202,197,416.66 ","44.51 ","46.04 "
"PPP","PAKISTAN PAPER PRODUCTS LIMITED","38,870.00"," 6,304,338.56 ","33,403.00"," 5,424,890.92 ","85.94 ","86.05 "
"PPVC","PAKISTAN PVC LIMITED","44,375.00"," 881,514.77 ","33,120.00"," 661,332.47 ","74.64 ","75.02 "
"PREMA","AT-TAHUR LIMITED","10,194,625.00"," 531,040,097.73 ","6,646,391.00"," 346,046,810.88 ","65.20 ","65.16 "
"PRET","PREMIUM TEXTILE MILLS LIMITED","450.00"," 213,614.71 ","294.00"," 140,108.81 ","65.33 ","65.59 "
"PRL","PAKISTAN REFINERY LIMITED","17,176,658.00"," 593,668,601.89 ","6,744,933.00"," 242,890,341.08 ","39.27 ","40.91 "
"PRWM","PROSPERITY WEAVING MILLS LIMITED","1.00"," 60.80 ","1.00"," 60.80 ","100.00 ","100.00 "
"PSEL","PAKISTAN SERVICES LIMITED","37.00"," 35,053.88 ","13.00"," 12,446.08 ","35.14 ","35.51 "
"PSO","PAKISTAN STATE OIL COMPANY LIMITED","21,103,823.00"," 9,065,997,586.95 ","7,543,769.00"," 3,406,882,881.24 ","35.75 ","37.58 "
"PSX","PAKISTAN STOCK EXCHANGE LIMITED","1,002,678.00"," 36,468,857.53 ","808,373.00"," 29,396,492.67 ","80.62 ","80.61 "
"PSYL","PAKISTAN SYNTHETICS LIMITED","11,369.00"," 701,202.57 ","10,815.00"," 667,233.75 ","95.13 ","95.16 "
"PTC","PAKISTAN TELECOMMUNICATION COMPANY LTD","71,785,700.00"," 1,886,702,409.02 ","31,988,405.00"," 877,857,020.57 ","44.56 ","46.53 "
"PTL","PANTHER TYRES LIMITED","147,059.00"," 7,648,313.55 ","109,490.00"," 5,698,246.14 ","74.45 ","74.50 "
"QUET","QUETTA TEXTILE MILLS LIMITED","3,132.00"," 53,160.47 ","2,254.00"," 38,579.53 ","71.97 ","72.57 "
"QUICE","QUICE FOOD INDUSTRIES LIMITED","11,128,088.00"," 110,167,024.32 ","8,220,150.00"," 81,041,834.69 ","73.87 ","73.56 "
"RCML","RELIANCE COTTON SPINNING MILLS LIMITED","14.00"," 6,875.36 ","14.00"," 6,875.36 ","100.00 ","100.00 "
"REDCO","REDCO TEXTILES LIMITED","5,352.00"," 133,524.92 ","5,347.00"," 133,401.77 ","99.91 ","99.91 "
"REWM","RELIANCE WEAVING MILLS LIMITED","18,475.00"," 1,941,446.75 ","18,475.00"," 1,941,446.75 ","100.00 ","100.00 "
"RICL","RELIANCE INSURANCE COMPANY LIMITED","47,001.00"," 826,061.58 ","35,452.00"," 623,515.66 ","75.43 ","75.48 "
"RMPL","RAFHAN MAIZE PRODUCTS COMPANY LIMITED","162.00"," 1,548,789.48 ","151.00"," 1,443,271.18 ","93.21 ","93.19 "
"RPL","ROSHAN PACKAGES LIMITED","817,891.00"," 18,835,521.78 ","640,722.00"," 14,800,506.58 ","78.34 ","78.58 "
"RUBY","RUBY TEXTILE MILLS LIMITED","6,536.00"," 88,806.61 ","6,400.00"," 87,005.71 ","97.92 ","97.97 "